{
  "project_info": {
    "project_number": "915915694048",
    "firebase_url": "https://sampleapp-5ddec.firebaseio.com",
    "project_id": "sampleapp-5ddec",
    "storage_bucket": "sampleapp-5ddec.appspot.com"
  },
  "client": [
    {
      "client_info": {
        "mobilesdk_app_id": "1:915915694048:android:058183dd870eef10949585",
        "android_client_info": {
          "package_name": "com.sriramkota.iamrich"
        }
      },
      "oauth_client": [
        {
          "client_id": "915915694048-vugk0cbdta42uj6461dkm2101t2t1kd4.apps.googleusercontent.com",
          "client_type": 3
        }
      ],
      "api_key": [
        {
          "current_key": "AIzaSyBeV1Xh65AEBMEHLqfYxCd9CRjEVKJdnJE"
        }
      ],
      "services": {
        "appinvite_service": {
          "other_platform_oauth_client": [
            {
              "client_id": "915915694048-vugk0cbdta42uj6461dkm2101t2t1kd4.apps.googleusercontent.com",
              "client_type": 3
            }
          ]
        }
      }
    }
  ],
  "configuration_version": "1"
}